hgm,LC,EN,VU,CR,Total,RLIE
Total,49,16,15,1,81,0.6765432098765432
Unchannelled valley-bottom,12,6,2,0,20,0.6599999999999999
Seep,12,4,3,1,20,0.6599999999999999
Floodplain,10,3,6,0,19,0.6736842105263158
Depression,15,3,4,0,22,0.7090909090909091
