"","hgm_simple","CR","EN","VU","LC","Total","RLIE"
"1","Total",47,18,8,110,183,0.597814207650273
"2","Floodplain",13,2,2,12,29,0.489655172413793
"3","Valley-bottom",26,10,1,60,97,0.595876288659794
"4","Depression",0,0,0,2,2,0.8
"5","Seep",8,6,5,36,55,0.650909090909091
