hgm_simple,CR,EN,VU,LC,Total,RLIE
Total,4,12,15,69,100,0.698
Floodplain,1,4,6,14,25,0.6639999999999999
Valley-bottom,0,3,4,23,30,0.7333333333333334
Depression,3,0,0,11,14,0.6714285714285715
Seep,0,5,5,21,31,0.7032258064516129
