hgm,CR,EN,VU,LC,Total,RLIE
Total,4,25,22,31,82,0.6707317073170731
Unchannelled valley-bottom,1,8,1,10,20,0.7
Seep,1,4,4,12,21,0.7714285714285715
Floodplain,0,5,6,8,19,0.7157894736842105
Depression,2,8,11,1,22,0.509090909090909
