hgm,CR,EN,VU,LC,Total,RLIE
Total,14,28,20,20,82,0.5609756097560976
Unchannelled valley-bottom,1,10,3,6,20,0.6
Seep,1,5,8,7,21,0.6666666666666667
Floodplain,0,7,7,5,19,0.631578947368421
Depression,12,6,2,2,22,0.36363636363636365
