hgm,CR,EN,VU,LC,Total,RLIE
Total,9,36,18,19,82,0.5609756097560976
Unchannelled valley-bottom,1,8,5,6,20,0.62
Seep,1,6,6,8,21,0.6761904761904762
Floodplain,0,9,5,5,19,0.6105263157894737
Depression,7,13,2,0,22,0.3545454545454545
