hgm,LC,EN,VU,CR,Total,RLIE
Total,51,13,16,1,81,0.6888888888888889
Unchannelled valley-bottom,13,4,3,0,20,0.69
Seep,13,3,3,1,20,0.6799999999999999
Floodplain,10,3,6,0,19,0.6736842105263158
Depression,15,3,4,0,22,0.7090909090909091
