hgm,CR,EN,VU,LC,Total,RLIE
Total,7,25,16,32,80,0.6625
Unchannelled valley-bottom,0,6,3,10,19,0.7473684210526316
Seep,2,4,2,12,20,0.76
Floodplain,0,5,5,9,19,0.736842105263158
Depression,5,10,6,1,22,0.4363636363636364
