hgm,LC,EN,VU,CR,Total,RLIE
Total,39,19,21,2,81,0.7358024691358025
Unchannelled valley-bottom,10,6,4,0,20,0.74
Seep,12,5,2,1,20,0.77
Floodplain,8,4,7,0,19,0.7263157894736842
Depression,9,4,8,1,22,0.7090909090909091
