hgm,LC,EN,VU,CR,Total,RLIE
Total,49,16,15,1,81,0.7975308641975308
Unchannelled valley-bottom,12,6,2,0,20,0.78
Seep,12,4,3,1,20,0.78
Floodplain,10,3,6,0,19,0.7789473684210526
Depression,15,3,4,0,22,0.8454545454545455
