hgm,CR,EN,VU,LC,Total,RLIE
Total,7,27,17,29,80,0.6425000000000001
Unchannelled valley-bottom,0,6,4,9,19,0.7263157894736842
Seep,2,5,2,11,20,0.73
Floodplain,0,6,5,8,19,0.7052631578947368
Depression,5,10,6,1,22,0.4363636363636364
