hgm,CR,EN,VU,LC,Total,RLIE
Total,15,14,4,48,81,0.7283950617283951
Unchannelled valley-bottom,4,5,3,8,20,0.63
Seep,3,6,0,11,20,0.7
Floodplain,8,2,1,8,19,0.5789473684210527
Depression,0,1,0,21,22,0.9727272727272728
