hgm,CR,EN,VU,LC,Total,RLIE
Total,21,20,8,32,81,0.6049382716049383
Unchannelled valley-bottom,4,5,3,8,20,0.63
Seep,3,7,0,10,20,0.6699999999999999
Floodplain,8,2,1,8,19,0.5789473684210527
Depression,6,6,4,6,22,0.5454545454545454
