hgm_simple,CR,EN,VU,LC,Total,RLIE
Total,21,13,7,59,100,0.608
Floodplain,11,2,1,11,25,0.496
Valley-bottom,5,6,3,16,30,0.6
Depression,1,0,2,11,14,0.7285714285714286
Seep,4,5,1,21,31,0.6516129032258065
