hgm,CR,EN,VU,LC,Total,RLIE
Total,2,16,31,32,81,0.7086419753086419
Unchannelled valley-bottom,0,2,8,10,20,0.78
Seep,1,3,2,14,20,0.83
Floodplain,0,6,8,5,19,0.6421052631578947
Depression,1,5,13,3,22,0.5909090909090908
