hgm,LC,EN,VU,CR,Total,RLIE
Total,49,14,2,15,80,0.735
Unchannelled valley-bottom,10,3,2,4,19,0.6947368421052631
Seep,9,7,0,4,20,0.63
Floodplain,9,3,0,7,19,0.6105263157894737
Depression,21,1,0,0,22,0.9727272727272728
