hgm_simple,CR,EN,VU,LC,Total,RLIE
Total,7,21,8,64,100,0.6579999999999999
Floodplain,2,9,2,12,25,0.5920000000000001
Valley-bottom,0,7,3,20,30,0.6866666666666666
Depression,4,0,0,10,14,0.6285714285714286
Seep,1,5,3,22,31,0.6967741935483871
