hgm,LC,EN,VU,CR,Total,RLIE
Total,51,13,2,16,82,0.7390243902439024
Unchannelled valley-bottom,9,4,2,5,20,0.64
Seep,12,6,0,3,21,0.7142857142857143
Floodplain,9,2,0,8,19,0.6
Depression,21,1,0,0,22,0.9727272727272728
