hgm,LC,EN,VU,CR,Total,RLIE
Total,41,16,23,1,81,0.7580246913580246
Unchannelled valley-bottom,10,6,4,0,20,0.74
Seep,12,3,4,1,20,0.79
Floodplain,6,4,9,0,19,0.6842105263157895
Depression,13,3,6,0,22,0.8090909090909091
