hgm,CR,EN,VU,LC,Total,RLIE
Total,11,31,25,15,82,0.5439024390243903
Unchannelled valley-bottom,1,8,8,3,20,0.56
Seep,2,4,6,9,21,0.6952380952380952
Floodplain,0,10,6,3,19,0.5578947368421052
Depression,8,9,5,0,22,0.3727272727272727
