hgm,CR,EN,VU,LC,Total,RLIE
Total,5,24,26,27,82,0.6487804878048781
Unchannelled valley-bottom,1,7,5,7,20,0.65
Seep,2,2,5,12,21,0.7714285714285715
Floodplain,0,6,8,5,19,0.6421052631578947
Depression,2,9,8,3,22,0.5363636363636364
