hgm_simple,CR,EN,VU,LC,Total,RLIE
Total,23,19,2,56,100,0.5820000000000001
Floodplain,11,4,1,9,25,0.46399999999999997
Valley-bottom,5,8,1,16,30,0.5866666666666667
Depression,3,1,0,10,14,0.6428571428571428
Seep,4,6,0,21,31,0.6451612903225806
