"","hgm_simple","CR","EN","VU","LC","Total","RLIE"
"1","Total",14,44,12,113,183,0.644808743169399
"2","Floodplain",3,11,4,11,29,0.558620689655172
"3","Valley-bottom",8,21,5,63,97,0.65360824742268
"4","Depression",0,0,0,2,2,0.8
"5","Seep",3,12,3,37,55,0.669090909090909
