hgm,CR,EN,VU,LC,Total,RLIE
Total,7,20,23,30,80,0.665
Unchannelled valley-bottom,0,6,5,8,19,0.7052631578947368
Seep,2,3,4,11,20,0.75
Floodplain,0,5,7,7,19,0.6947368421052631
Depression,5,6,7,4,22,0.5272727272727273
