hgm,CR,EN,VU,LC,Total,RLIE
Total,5,6,13,57,81,0.8419753086419753
Unchannelled valley-bottom,0,2,5,13,20,0.84
Seep,0,2,4,14,20,0.86
Floodplain,0,0,4,15,19,0.9157894736842105
Depression,5,2,0,15,22,0.7636363636363637
