hgm,CR,EN,VU,LC,Total,RLIE
Total,18,18,6,39,81,0.6592592592592592
Unchannelled valley-bottom,4,4,1,11,20,0.7
Seep,3,4,0,13,20,0.76
Floodplain,5,4,1,9,19,0.6421052631578947
Depression,6,6,4,6,22,0.5454545454545454
