hgm,CR,EN,VU,LC,Total,RLIE
Total,8,22,23,27,80,0.64
Unchannelled valley-bottom,1,5,6,7,19,0.6736842105263158
Seep,2,5,3,10,20,0.71
Floodplain,0,6,7,6,19,0.6631578947368422
Depression,5,6,7,4,22,0.5272727272727273
