hgm,CR,EN,VU,LC,Total,RLIE
Total,18,18,6,39,81,0.5629629629629629
Unchannelled valley-bottom,4,4,1,11,20,0.5900000000000001
Seep,3,4,0,13,20,0.63
Floodplain,5,4,1,9,19,0.5473684210526315
Depression,6,6,4,6,22,0.49090909090909096
