hgm_simple,CR,EN,VU,LC,Total,RLIE
Total,4,39,2,55,100,0.616
Floodplain,1,12,1,11,25,0.5760000000000001
Valley-bottom,0,15,0,15,30,0.6
Depression,3,1,1,9,14,0.6285714285714286
Seep,0,11,0,20,31,0.6580645161290323
