hgm,CR,EN,VU,LC,Total,RLIE
Total,13,13,2,53,81,0.7654320987654322
Unchannelled valley-bottom,4,4,1,11,20,0.7
Seep,3,4,0,13,20,0.76
Floodplain,5,4,1,9,19,0.6421052631578947
Depression,1,1,0,20,22,0.9363636363636364
