"","hgm_simple","CR","EN","VU","LC","Total","RLIE"
"1","Total",51,21,6,105,183,0.580327868852459
"2","Floodplain",16,4,1,8,29,0.406896551724138
"3","Valley-bottom",27,11,3,56,97,0.581443298969072
"4","Depression",0,0,0,2,2,0.8
"5","Seep",8,6,2,39,55,0.661818181818182
