hgm_simple,CR,EN,VU,LC,Total,RLIE
Total,6,31,3,60,100,0.634
Floodplain,2,9,2,12,25,0.5920000000000001
Valley-bottom,0,14,0,16,30,0.6133333333333333
Depression,3,0,1,10,14,0.6571428571428571
Seep,1,8,0,22,31,0.6774193548387097
