hgm,LC,EN,VU,CR,Total,RLIE
Total,42,35,3,1,81,0.6123456790123456
Unchannelled valley-bottom,11,9,0,0,20,0.62
Seep,13,7,0,0,20,0.6599999999999999
Floodplain,8,8,2,1,19,0.5789473684210527
Depression,10,11,1,0,22,0.5909090909090908
