hgm,LC,EN,VU,CR,Total,RLIE
Total,36,18,25,2,81,0.7234567901234568
Unchannelled valley-bottom,10,6,4,0,20,0.74
Seep,12,3,4,1,20,0.79
Floodplain,6,5,8,0,19,0.6736842105263158
Depression,8,4,9,1,22,0.6909090909090909
