hgm,LC,EN,VU,CR,Total,RLIE
Total,53,13,0,14,80,0.7625
Unchannelled valley-bottom,13,2,0,4,19,0.7684210526315789
Seep,10,6,0,4,20,0.6599999999999999
Floodplain,10,4,0,5,19,0.6631578947368422
Depression,20,1,0,1,22,0.9363636363636364
