hgm,LC,EN,VU,CR,Total,RLIE
Total,35,37,8,1,81,0.5901234567901235
Unchannelled valley-bottom,9,10,1,0,20,0.5900000000000001
Seep,12,6,1,1,20,0.64
Floodplain,5,10,4,0,19,0.5473684210526315
Depression,9,11,2,0,22,0.5818181818181818
